[
    {
        "photoCounter": "five",
        "title": "Hay - About A Lounge <br> Chair AAL 93",
        "price": "$ 659.55"
    },
    {
        "photoCounter": "four",
        "title": "Cocktail Table Walnut <br> | YES",
        "price": "$ 299.55"
    },
    {
        "photoCounter": "two",
        "title": "TORY DESK CALENDAR",
        "price": "$ 410.99"
    },
    {
        "photoCounter": "ten",
        "title": "Vitra Cork Stool B, Cork - Design <br> Within Reach",
        "price": "$ 2399.55"
    },
    {
        "photoCounter": "nine",
        "title": "Activate Facial Mask and <br> Charcoal Soap",
        "price": "$ 129.55"
    },
    {
        "photoCounter": "one",
        "title": "Kristina Dam Oak Table With <br> White Marble Top",
        "price": "$ 799.55"
    },
    {
        "photoCounter": "seven",
        "title": "CH445 Wing Chair on <br> SUITE NY",
        "price": "$ 330.55"
    },
    {
        "photoCounter": "six",
        "title": "TORY DESK CALENDAR",
        "price": "$ 410.99"
    },
    {
        "photoCounter": "five",
        "title": "Hay - About A Lounge <br> Chair AAL 93",
        "price": "$ 659.55"
    },
    {
        "photoCounter": "four",
        "title": "Cocktail Table Walnut <br> | YES",
        "price": "$ 299.99"
    },
    {
        "photoCounter": "six",
        "title": "CH445 Wing Chair on <br> SUITE NY",
        "price": "$ 330.55"
    },
    {
        "photoCounter": "nine",
        "title": "Activate Facial Mask and <br> Charcoal Soap",
        "price": "$ 129.55"
    },
    {
        "photoCounter": "five",
        "title": "Hay - About A Lounge <br> Chair AAL 93",
        "price": "$ 659.55"
    },
    {
        "photoCounter": "four",
        "title": "Cocktail Table Walnut <br> | YES",
        "price": "$ 299.55"
    },
    {
        "photoCounter": "two",
        "title": "TORY DESK CALENDAR",
        "price": "$ 410.99"
    },
    {
        "photoCounter": "ten",
        "title": "Vitra Cork Stool B, Cork - Design <br> Within Reach",
        "price": "$ 2399.55"
    },
    {
        "photoCounter": "nine",
        "title": "Activate Facial Mask and <br> Charcoal Soap",
        "price": "$ 129.55"
    },
    {
        "photoCounter": "one",
        "title": "Kristina Dam Oak Table With <br> White Marble Top",
        "price": "$ 799.55"
    },
    {
        "photoCounter": "seven",
        "title": "CH445 Wing Chair on <br> SUITE NY",
        "price": "$ 330.55"
    },
    {
        "photoCounter": "six",
        "title": "TORY DESK CALENDAR",
        "price": "$ 410.99"
    },
    {
        "photoCounter": "five",
        "title": "Hay - About A Lounge <br> Chair AAL 93",
        "price": "$ 659.55"
    },
    {
        "photoCounter": "four",
        "title": "Cocktail Table Walnut <br> | YES",
        "price": "$ 299.99"
    },
    {
        "photoCounter": "six",
        "title": "CH445 Wing Chair on <br> SUITE NY",
        "price": "$ 330.55"
    },
    {
        "photoCounter": "nine",
        "title": "Activate Facial Mask and <br> Charcoal Soap",
        "price": ">$ 129.55"
    },
    {
        "photoCounter": "five",
        "title": "Hay - About A Lounge <br> Chair AAL 93",
        "price": "$ 659.55"
    },
    {
        "photoCounter": "four",
        "title": "Cocktail Table Walnut <br> | YES",
        "price": "$ 299.55"
    },
    {
        "photoCounter": "two",
        "title": "TORY DESK CALENDAR",
        "price": "$ 410.99"
    },
    {
        "photoCounter": "ten",
        "title": "Vitra Cork Stool B, Cork - Design <br>",
        "price": "$ 2399.55"
    }
]